/****** Script for SelectTopNRows command from SSMS  ******/
SELECT TOP (1000) [Id]
      ,[Title]
      ,[Description]
      ,[ReleaseDate]
      ,[AverageRating]
  FROM [FilmFestival].[dbo].[Movies]

  --Insert Movies 
  insert into [Movies] ([Title],[Description],[ReleaseDate],[AverageRating]) values ('BLACK BOX','An intriguing debut for writer-director Emmanuel Osei-Kuffour, Black Box compensates for a lack of surprises with strong performances and an emotionally rewarding story.',GETDATE(),'2')
  insert into [Movies] ([Title],[Description],[ReleaseDate],[AverageRating]) values ('MULAN','It could have told its classic story with greater depth, but the live-action Mulan is a visual marvel that serves as a stirring update to its animated predecessor.',GETDATE(),'4')
  insert into [Movies] ([Title],[Description],[ReleaseDate],[AverageRating]) values ('FAMILY ROMANCE, LLC','A fascinating exploration of human connection, Family Romance, LLC sees Werner Herzog following an unconventional path to existentialism.',GETDATE(),'2')
  insert into [Movies] ([Title],[Description],[ReleaseDate],[AverageRating]) values ('THE LODGE','Led by an impressive Riley Keough performance, The Lodge should prove a suitably unsettling destination for fans of darkly atmospheric horror.',GETDATE(),'4')
  insert into [Movies] ([Title],[Description],[ReleaseDate],[AverageRating]) values ('JUNGLELAND','Thanks to muscular work from director/co-writer Max Winkler and his stars, Jungleland punches above its weight in a crowded genre.',GETDATE(),'2')
  insert into [Movies] ([Title],[Description],[ReleaseDate],[AverageRating]) values ('ARCHENEMY','Archenemy fails to follow through on some of its more interesting ideas, but Joe Manganiellos lead performance and the pictures infectious raw energy make for a fun action-adventure.',GETDATE(),'3')
  insert into [Movies] ([Title],[Description],[ReleaseDate],[AverageRating]) values ('THE WRETCHED','The Wretched stirs up a savory blend of witch-in-the-woods horror ingredients that should leave genre fans hungry for a second helping from writer-directors Brett and Drew T. Pierce.',GETDATE(),'4')
  insert into [Movies] ([Title],[Description],[ReleaseDate],[AverageRating]) values ('TO ALL THE BOYS: P.S. I STILL LOVE YOU','To All the Boys: P.S. I Still Love You may feel like little more than an amiable postscript to its predecessor, but fans of the original should still find this a swoonworthy sequel.',GETDATE(),'4')
  insert into [Movies] ([Title],[Description],[ReleaseDate],[AverageRating]) values ('THE OTHER LAMB','Smartly directed by Malgorzata Szumowska, The Other Lamb uses a young womans coming-of-age story to explore the powerful hold cults can have on their followers.',GETDATE(),'3')
  insert into [Movies] ([Title],[Description],[ReleaseDate],[AverageRating]) values ('THE RENTAL','Some tricky genre juggling makes The Rental a bit of a fixer-upper, but effective chills and a solid cast make this a fine destination for horror fans.',GETDATE(),'5')
  insert into [Movies] ([Title],[Description],[ReleaseDate],[AverageRating]) values ('THE GENTLEMEN','It may not win writer-director Guy Ritchie many new converts, but for those already attuned to the filmmakers brash wavelength, The Gentlemen stands tall.',GETDATE(),'4')
  insert into [Movies] ([Title],[Description],[ReleaseDate],[AverageRating]) values ('WANDER DARKLY','Wander Darklys risks dont always yield rewards, but strong work from Diego Luna and Sienna Miller helps this romance remain consistently alluring.',GETDATE(),'2')
  insert into [Movies] ([Title],[Description],[ReleaseDate],[AverageRating]) values ('PIECES OF A WOMAN','Pieces of a Woman struggles to maintain momentum after a stunning opening act, but Vanessa Kirbys performance makes the end result a poignant portrait of grief.',GETDATE(),'1')
  insert into [Movies] ([Title],[Description],[ReleaseDate],[AverageRating]) values ('BAD BOYS FOR LIFE','Loaded up with action and a double helping of leading-man charisma, Bad Boys for Life reinvigorates this long-dormant franchise by playing squarely to its strengths.',GETDATE(),'4')
  insert into [Movies] ([Title],[Description],[ReleaseDate],[AverageRating]) values ('TOMMASO','While admittedly a self-indulgent exercise, Tommaso is powerfully anchored by an outstanding central performance from Willem Dafoe.',GETDATE(),'4')
  insert into [Movies] ([Title],[Description],[ReleaseDate],[AverageRating]) values ('THE CROODS: A NEW AGE','Another agreeable outing for the titular prehistoric clan, The Croods: A New Age may be the missing link for parents between more elevated family-friendly fare.',GETDATE(),'2')
  insert into [Movies] ([Title],[Description],[ReleaseDate],[AverageRating]) values ('UNCLE FRANK','Uncle Frank finds writer-director Alan Ball still untangling the modern American family dynamic, aided by standout work from Paul Bettany and Sophia Lillis.',GETDATE(),'3')
  insert into [Movies] ([Title],[Description],[ReleaseDate],[AverageRating]) values ('SUMMERLAND',' In Summerland, the living is a little too easy to raise dramatic stakes -- but Gemma Artertons performance adds some much-needed extra heat.',GETDATE(),'2')
  insert into [Movies] ([Title],[Description],[ReleaseDate],[AverageRating]) values ('MILITARY WIVES','Like a favorite song you know by heart, Military Wives offers few surprises .',GETDATE(),'3')
  insert into [Movies] ([Title],[Description],[ReleaseDate],[AverageRating]) values ('GREENLAND','Beware, comets of Greenland: Gerard Butler is here to protect Earth -- and show audiences an improbably entertaining time.',GETDATE(),'4')
  --Insert Shows
  insert into [Shows] ([Title],[Description],[ReleaseDate],[AverageRating]) values ('BLACK BOX','An intriguing debut for writer-director Emmanuel Osei-Kuffour, Black Box compensates for a lack of surprises with strong performances and an emotionally rewarding story.',GETDATE(),'2')
  insert into [Shows] ([Title],[Description],[ReleaseDate],[AverageRating]) values ('MULAN','It could have told its classic story with greater depth, but the live-action Mulan is a visual marvel that serves as a stirring update to its animated predecessor.',GETDATE(),'4')
  insert into [Shows] ([Title],[Description],[ReleaseDate],[AverageRating]) values ('FAMILY ROMANCE, LLC','A fascinating exploration of human connection, Family Romance, LLC sees Werner Herzog following an unconventional path to existentialism.',GETDATE(),'2')
  insert into [Shows] ([Title],[Description],[ReleaseDate],[AverageRating]) values ('THE LODGE','Led by an impressive Riley Keough performance, The Lodge should prove a suitably unsettling destination for fans of darkly atmospheric horror.',GETDATE(),'4')
  insert into [Shows] ([Title],[Description],[ReleaseDate],[AverageRating]) values ('JUNGLELAND','Thanks to muscular work from director/co-writer Max Winkler and his stars, Jungleland punches above its weight in a crowded genre.',GETDATE(),'2')
  insert into [Shows] ([Title],[Description],[ReleaseDate],[AverageRating]) values ('ARCHENEMY','Archenemy fails to follow through on some of its more interesting ideas, but Joe Manganiellos lead performance and the pictures infectious raw energy make for a fun action-adventure.',GETDATE(),'3')
  insert into [Shows] ([Title],[Description],[ReleaseDate],[AverageRating]) values ('THE WRETCHED','The Wretched stirs up a savory blend of witch-in-the-woods horror ingredients that should leave genre fans hungry for a second helping from writer-directors Brett and Drew T. Pierce.',GETDATE(),'4')
  insert into [Shows] ([Title],[Description],[ReleaseDate],[AverageRating]) values ('TO ALL THE BOYS: P.S. I STILL LOVE YOU','To All the Boys: P.S. I Still Love You may feel like little more than an amiable postscript to its predecessor, but fans of the original should still find this a swoonworthy sequel.',GETDATE(),'4')
  insert into [Shows] ([Title],[Description],[ReleaseDate],[AverageRating]) values ('THE OTHER LAMB','Smartly directed by Malgorzata Szumowska, The Other Lamb uses a young womans coming-of-age story to explore the powerful hold cults can have on their followers.',GETDATE(),'3')
  insert into [Shows] ([Title],[Description],[ReleaseDate],[AverageRating]) values ('THE RENTAL','Some tricky genre juggling makes The Rental a bit of a fixer-upper, but effective chills and a solid cast make this a fine destination for horror fans.',GETDATE(),'5')
  insert into [Shows] ([Title],[Description],[ReleaseDate],[AverageRating]) values ('THE GENTLEMEN','It may not win writer-director Guy Ritchie many new converts, but for those already attuned to the filmmakers brash wavelength, The Gentlemen stands tall.',GETDATE(),'4')
  insert into [Shows] ([Title],[Description],[ReleaseDate],[AverageRating]) values ('WANDER DARKLY','Wander Darklys risks dont always yield rewards, but strong work from Diego Luna and Sienna Miller helps this romance remain consistently alluring.',GETDATE(),'2')
  insert into [Shows] ([Title],[Description],[ReleaseDate],[AverageRating]) values ('PIECES OF A WOMAN','Pieces of a Woman struggles to maintain momentum after a stunning opening act, but Vanessa Kirbys performance makes the end result a poignant portrait of grief.',GETDATE(),'1')
  insert into [Shows] ([Title],[Description],[ReleaseDate],[AverageRating]) values ('BAD BOYS FOR LIFE','Loaded up with action and a double helping of leading-man charisma, Bad Boys for Life reinvigorates this long-dormant franchise by playing squarely to its strengths.',GETDATE(),'4')
  insert into [Shows] ([Title],[Description],[ReleaseDate],[AverageRating]) values ('TOMMASO','While admittedly a self-indulgent exercise, Tommaso is powerfully anchored by an outstanding central performance from Willem Dafoe.',GETDATE(),'4')
  insert into [Shows] ([Title],[Description],[ReleaseDate],[AverageRating]) values ('THE CROODS: A NEW AGE','Another agreeable outing for the titular prehistoric clan, The Croods: A New Age may be the missing link for parents between more elevated family-friendly fare.',GETDATE(),'2')
  insert into [Shows] ([Title],[Description],[ReleaseDate],[AverageRating]) values ('UNCLE FRANK','Uncle Frank finds writer-director Alan Ball still untangling the modern American family dynamic, aided by standout work from Paul Bettany and Sophia Lillis.',GETDATE(),'3')
  insert into [Shows] ([Title],[Description],[ReleaseDate],[AverageRating]) values ('SUMMERLAND',' In Summerland, the living is a little too easy to raise dramatic stakes -- but Gemma Artertons performance adds some much-needed extra heat.',GETDATE(),'2')
  insert into [Shows] ([Title],[Description],[ReleaseDate],[AverageRating]) values ('MILITARY WIVES','Like a favorite song you know by heart, Military Wives offers few surprises .',GETDATE(),'3')
  insert into [Shows] ([Title],[Description],[ReleaseDate],[AverageRating]) values ('GREENLAND','Beware, comets of Greenland: Gerard Butler is here to protect Earth -- and show audiences an improbably entertaining time.',GETDATE(),'4')
  --Insert Actors for movies and shows
	insert into [Actors] ([MovieId],[ShowId],[Name],[Surname]) values (1,null,'Tosin','Morohunfola')
	insert into [Actors] ([MovieId],[ShowId],[Name],[Surname]) values (1,null,'Yoson','An')
	insert into [Actors] ([MovieId],[ShowId],[Name],[Surname]) values (2,null,'Niki','Caro')
	insert into [Actors] ([MovieId],[ShowId],[Name],[Surname]) values (2,null,'Werner','Herzog')
	insert into [Actors] ([MovieId],[ShowId],[Name],[Surname]) values (3,null,'Mahiro','Tanimoto')
	insert into [Actors] ([MovieId],[ShowId],[Name],[Surname]) values (3,null,'Ishii','Yuichi')
	insert into [Actors] ([MovieId],[ShowId],[Name],[Surname]) values (4,null,'Miki','Fujimaki')
	insert into [Actors] ([MovieId],[ShowId],[Name],[Surname]) values (4,null,'Takashi','Nakatani')
	insert into [Actors] ([MovieId],[ShowId],[Name],[Surname]) values (5,null,'Riley','Keough')
	insert into [Actors] ([MovieId],[ShowId],[Name],[Surname]) values (5,null,'Jaeden','Lieberher')
	insert into [Actors] ([MovieId],[ShowId],[Name],[Surname]) values (6,null,'Lia','McHugh')
	insert into [Actors] ([MovieId],[ShowId],[Name],[Surname]) values (6,null,'Richard','Armitage')
	insert into [Actors] ([MovieId],[ShowId],[Name],[Surname]) values (7,null,'Charlie','Hunnam')
	insert into [Actors] ([MovieId],[ShowId],[Name],[Surname]) values (7,null,'Jack','OConnell')
	insert into [Actors] ([MovieId],[ShowId],[Name],[Surname]) values (8,null,'Jessica','Barden')
	insert into [Actors] ([MovieId],[ShowId],[Name],[Surname]) values (8,null,'Jonathan','Majors')
	insert into [Actors] ([MovieId],[ShowId],[Name],[Surname]) values (9,null,'Joe','Manganiello')
	insert into [Actors] ([MovieId],[ShowId],[Name],[Surname]) values (9,null,'Skylan','Brooks')
	insert into [Actors] ([MovieId],[ShowId],[Name],[Surname]) values (10,null,'Zolee','Griggs')
	insert into [Actors] ([MovieId],[ShowId],[Name],[Surname]) values (10,null,'Paul','Scheer')
	insert into [Actors] ([MovieId],[ShowId],[Name],[Surname]) values (11,null,'Tosin','Morohunfola')
	insert into [Actors] ([MovieId],[ShowId],[Name],[Surname]) values (11,null,'Yoson','An')
	insert into [Actors] ([MovieId],[ShowId],[Name],[Surname]) values (12,null,'Niki','Caro')
	insert into [Actors] ([MovieId],[ShowId],[Name],[Surname]) values (12,null,'Werner','Herzog')
	insert into [Actors] ([MovieId],[ShowId],[Name],[Surname]) values (13,null,'Mahiro','Tanimoto')
	insert into [Actors] ([MovieId],[ShowId],[Name],[Surname]) values (13,null,'Ishii','Yuichi')
	insert into [Actors] ([MovieId],[ShowId],[Name],[Surname]) values (14,null,'Miki','Fujimaki')
	insert into [Actors] ([MovieId],[ShowId],[Name],[Surname]) values (14,null,'Takashi','Nakatani')
	insert into [Actors] ([MovieId],[ShowId],[Name],[Surname]) values (15,null,'Riley','Keough')
	insert into [Actors] ([MovieId],[ShowId],[Name],[Surname]) values (15,null,'Jaeden','Lieberher')
	insert into [Actors] ([MovieId],[ShowId],[Name],[Surname]) values (16,null,'Lia','McHugh')
	insert into [Actors] ([MovieId],[ShowId],[Name],[Surname]) values (16,null,'Richard','Armitage')
	insert into [Actors] ([MovieId],[ShowId],[Name],[Surname]) values (17,null,'Charlie','Hunnam')
	insert into [Actors] ([MovieId],[ShowId],[Name],[Surname]) values (17,null,'Jack','OConnell')
	insert into [Actors] ([MovieId],[ShowId],[Name],[Surname]) values (18,null,'Jessica','Barden')
	insert into [Actors] ([MovieId],[ShowId],[Name],[Surname]) values (18,null,'Jonathan','Majors')
	insert into [Actors] ([MovieId],[ShowId],[Name],[Surname]) values (19,null,'Joe','Manganiello')
	insert into [Actors] ([MovieId],[ShowId],[Name],[Surname]) values (19,null,'Skylan','Brooks')
	insert into [Actors] ([MovieId],[ShowId],[Name],[Surname]) values (20,null,'Zolee','Griggs')
	insert into [Actors] ([MovieId],[ShowId],[Name],[Surname]) values (20,null,'Paul','Scheer')
	insert into [Actors] ([MovieId],[ShowId],[Name],[Surname]) values (null,1,'Tosin','Morohunfola')
	insert into [Actors] ([MovieId],[ShowId],[Name],[Surname]) values (null,1,'Yoson','An')
	insert into [Actors] ([MovieId],[ShowId],[Name],[Surname]) values (null,2,'Niki','Caro')
	insert into [Actors] ([MovieId],[ShowId],[Name],[Surname]) values (null,2,'Werner','Herzog')
	insert into [Actors] ([MovieId],[ShowId],[Name],[Surname]) values (null,3,'Mahiro','Tanimoto')
	insert into [Actors] ([MovieId],[ShowId],[Name],[Surname]) values (null,3,'Ishii','Yuichi')
	insert into [Actors] ([MovieId],[ShowId],[Name],[Surname]) values (null,4,'Miki','Fujimaki')
	insert into [Actors] ([MovieId],[ShowId],[Name],[Surname]) values (null,4,'Takashi','Nakatani')
	insert into [Actors] ([MovieId],[ShowId],[Name],[Surname]) values (null,5,'Riley','Keough')
	insert into [Actors] ([MovieId],[ShowId],[Name],[Surname]) values (null,5,'Jaeden','Lieberher')
	insert into [Actors] ([MovieId],[ShowId],[Name],[Surname]) values (null,6,'Lia','McHugh')
	insert into [Actors] ([MovieId],[ShowId],[Name],[Surname]) values (null,6,'Richard','Armitage')
	insert into [Actors] ([MovieId],[ShowId],[Name],[Surname]) values (null,7,'Charlie','Hunnam')
	insert into [Actors] ([MovieId],[ShowId],[Name],[Surname]) values (null,7,'Jack','OConnell')
	insert into [Actors] ([MovieId],[ShowId],[Name],[Surname]) values (null,8,'Jessica','Barden')
	insert into [Actors] ([MovieId],[ShowId],[Name],[Surname]) values (null,8,'Jonathan','Majors')
	insert into [Actors] ([MovieId],[ShowId],[Name],[Surname]) values (null,9,'Joe','Manganiello')
	insert into [Actors] ([MovieId],[ShowId],[Name],[Surname]) values (null,9,'Skylan','Brooks')
	insert into [Actors] ([MovieId],[ShowId],[Name],[Surname]) values (null,10,'Zolee','Griggs')
	insert into [Actors] ([MovieId],[ShowId],[Name],[Surname]) values (null,10,'Paul','Scheer')
	insert into [Actors] ([MovieId],[ShowId],[Name],[Surname]) values (null,11,'Tosin','Morohunfola')
	insert into [Actors] ([MovieId],[ShowId],[Name],[Surname]) values (null,11,'Yoson','An')
	insert into [Actors] ([MovieId],[ShowId],[Name],[Surname]) values (null,12,'Niki','Caro')
	insert into [Actors] ([MovieId],[ShowId],[Name],[Surname]) values (null,12,'Werner','Herzog')
	insert into [Actors] ([MovieId],[ShowId],[Name],[Surname]) values (null,13,'Mahiro','Tanimoto')
	insert into [Actors] ([MovieId],[ShowId],[Name],[Surname]) values (null,13,'Ishii','Yuichi')
	insert into [Actors] ([MovieId],[ShowId],[Name],[Surname]) values (null,14,'Miki','Fujimaki')
	insert into [Actors] ([MovieId],[ShowId],[Name],[Surname]) values (null,14,'Takashi','Nakatani')
	insert into [Actors] ([MovieId],[ShowId],[Name],[Surname]) values (null,15,'Riley','Keough')
	insert into [Actors] ([MovieId],[ShowId],[Name],[Surname]) values (null,15,'Jaeden','Lieberher')
	insert into [Actors] ([MovieId],[ShowId],[Name],[Surname]) values (null,16,'Lia','McHugh')
	insert into [Actors] ([MovieId],[ShowId],[Name],[Surname]) values (null,16,'Richard','Armitage')
	insert into [Actors] ([MovieId],[ShowId],[Name],[Surname]) values (null,17,'Charlie','Hunnam')
	insert into [Actors] ([MovieId],[ShowId],[Name],[Surname]) values (null,17,'Jack','OConnell')
	insert into [Actors] ([MovieId],[ShowId],[Name],[Surname]) values (null,18,'Jessica','Barden')
	insert into [Actors] ([MovieId],[ShowId],[Name],[Surname]) values (null,18,'Jonathan','Majors')
	insert into [Actors] ([MovieId],[ShowId],[Name],[Surname]) values (null,19,'Joe','Manganiello')
	insert into [Actors] ([MovieId],[ShowId],[Name],[Surname]) values (null,19,'Skylan','Brooks')
	insert into [Actors] ([MovieId],[ShowId],[Name],[Surname]) values (null,20,'Zolee','Griggs')
	insert into [Actors] ([MovieId],[ShowId],[Name],[Surname]) values (null,20,'Paul','Scheer')